mrn,name,relevant_subtask_count,study_titles,
D047047,John Doe,0,A USUK Study to Evaluate Transarterial Radioembolization (TARE) in Combination With Durvalumab and Bevacizumab Therapy in People With Unresectable Hepatocellular Carcinoma Amenable to TARE (EMERALD-Y90), ALTUS: Performance of a Multi- Target Hepatocellular Carcinoma (HCC) Test in Subjects With Increased Risk, Clinical Study of 18F-FAPI-RGD in Breast Tumors, Cooking for Your Health in Southern New Mexico -- Cooking for Your Health in Southern New Mexico -- Cooking for Your Health in Southern New Mexico -- Cooking for Your Health in Southern New Mexico, Detecting Cardiac Thrombi in Acute Ischemic Stroke on Cardiac CT Versus Transoesophageal Echocardiography, FATLAS: Comprehensive Multi-level Characterization of Systemic and Mammary Adiposity in Breast Cancer Patients., Feas 1, Feasibility 1, First-in-Human Study of Mutant-selective PI3Kα Inhibitor, RLY-2608, as a Single Agent in Advanced Solid Tumor Patients and in Combination With Fulvestrant in Patients With Advanced Breast Cancer, First-in-human, Study of MATTISSE® Tissue Engineering Chamber in Adult Female Patients Undergoing Breast Reconstruction After Mastectomy for Cancer, Tamoxifen +/​- GnRH Analogue vs Aromatase Inhibitor + GnRH Analogue in Male Breast Cancer Patients (MALE), Test Study for Feasibility Flow, Testing Study for Feasibility flow, Understanding Male Breast Cancer: Salah Azaïz Cancer Institute Experience, Virtual Ward-Assisted Very earLy dIschArge of Low-rIsk STEMI patieNTs: the VALIANT-STEMI Trial,
D1039964,Dil jeo,4,Efficacy and Safety of Ultra_HYPofractionated RadiotHerapy in Women With BrEast CaNcer Receiving Regional Nodal Radiation vs Nodal Moderate Hypofractionated Radiotherapy, Feasibility 1, First-in-human, Study of MATTISSE® Tissue Engineering Chamber in Adult Female Patients Undergoing Breast Reconstruction After Mastectomy for Cancer, Test Study for Feasibility Flow, Virtual Ward-Assisted Very earLy dIschArge of Low-rIsk STEMI patieNTs: the VALIANT-STEMI Trial,
D160125,Sarah Miller,33,(3D) Ultrasound Imaging Liver and Kidney, 12A USUK Study to Evaluate Transarterial Radioembolization (TARE) in Combination With Durvalumab and Bevacizumab Therapy in People With Unresectable Hepatocellular Carcinoma Amenable to TARE (EMERALD-Y90), 2-Application of ICG@HSA Complexes in Fluorescence Image-Guided Laparoscopic Anatomical Liver Resection, A Single-arm, Open-label Clinical Study to Evaluate the Efficacy and Safety of VRT106 in Combination with Chemotherapy for Resectable Liver Cancer, A Study Evaluating the Efficacy and Safety of Multiple Immunotherapy-Based Treatment Combinations in Patients With Advanced Liver Cancers (Morpheus-Liver), A USUK Study to Evaluate Transarterial Radioembolization (TARE) in Combination With Durvalumab and Bevacizumab Therapy in People With Unresectable Hepatocellular Carcinoma Amenable to TARE (EMERALD-Y90), ALTUS: Performance of a Multi- Target Hepatocellular Carcinoma (HCC) Test in Subjects With Increased Risk, Application of ICG@HSA Complexes in Fluorescence Image-Guided Laparoscopic Anatomical Liver Resection, Clinical Effectiveness of Microwave Ablation Using Starwave Microwave Generator for Hepatic Malignancies, Clinical Study of 18F-FAPI-RGD in Breast Tumors, Durvalumab and Lenvatinib in Participants With Locally Advanced and Metastatic Hepatocellular Carcinoma ( Dulect2020-1 ), Efficacy and Safety of Ultra_HYPofractionated RadiotHerapy in Women With BrEast CaNcer Receiving Regional Nodal Radiation vs Nodal Moderate Hypofractionated Radiotherapy, Evaluation of the Safety and Effectiveness of Pringle Method Combined With IVC Flow Limiting and Blocking Method in Laparoscopic Hepatectomy Based on Non-restrictive Fluid Therapy Strategy, Feas 1, Feas 2, Feasibility 1, First-in-human, Study of MATTISSE® Tissue Engineering Chamber in Adult Female Patients Undergoing Breast Reconstruction After Mastectomy for Cancer, Novel Approaches to the Treatment of Hypothyroidism, Pediatric Hepatic Tumors, Perioperative Therapy Preoperative Chemotherapy Versus Chemoradiotherapy in Locally Advanced Gall Bladder Cancers, RESTORE Declined Livers Study, Study on the Clinical Application Value of PET Imaging Targeting GPC3 in Hepatocellular Carcinoma, Tamoxifen +/​- GnRH Analogue vs Aromatase Inhibitor + GnRH Analogue in Male Breast Cancer Patients (MALE), Test Study for Feasibility Flow, Virtual Interactive 3D Modelling to Improve Outcomes in Robotic-Assisted Partial Nephrectomy, Virtual Ward-Assisted Very earLy dIschArge of Low-rIsk STEMI patieNTs: the VALIANT-STEMI Trial,
G1039977,Gop jeo,4,A Single-arm, Open-label Clinical Study to Evaluate the Efficacy and Safety of VRT106 in Combination with Chemotherapy for Resectable Liver Cancer, ALTUS: Performance of a Multi- Target Hepatocellular Carcinoma (HCC) Test in Subjects With Increased Risk, Efficacy and Safety of Ultra_HYPofractionated RadiotHerapy in Women With BrEast CaNcer Receiving Regional Nodal Radiation vs Nodal Moderate Hypofractionated Radiotherapy, Evaluation of the Safety and Effectiveness of Pringle Method Combined With IVC Flow Limiting and Blocking Method in Laparoscopic Hepatectomy Based on Non-restrictive Fluid Therapy Strategy, Feasibility 1, First-in-human, Study of MATTISSE® Tissue Engineering Chamber in Adult Female Patients Undergoing Breast Reconstruction After Mastectomy for Cancer, Test Study for Feasibility Flow,
MRN-1629332,Cynthia Brown,33,(3D) Ultrasound Imaging Liver and Kidney, 12A USUK Study to Evaluate Transarterial Radioembolization (TARE) in Combination With Durvalumab and Bevacizumab Therapy in People With Unresectable Hepatocellular Carcinoma Amenable to TARE (EMERALD-Y90), 1A USUK Study to Evaluate Transarterial Radioembolization (TARE) in Combination With Durvalumab and Bevacizumab Therapy in People With Unresectable Hepatocellular Carcinoma Amenable to TARE (EMERALD-Y90), 2-Application of ICG@HSA Complexes in Fluorescence Image-Guided Laparoscopic Anatomical Liver Resection, A Multicenter RCT Study of 3DV Technology in the Diagnosis and Treatment of PLC, A Single-arm, Open-label Clinical Study to Evaluate the Efficacy and Safety of VRT106 in Combination with Chemotherapy for Resectable Liver Cancer, A Study Evaluating the Efficacy and Safety of Multiple Immunotherapy-Based Treatment Combinations in Patients With Advanced Liver Cancers (Morpheus-Liver), A USUK Study to Evaluate Transarterial Radioembolization (TARE) in Combination With Durvalumab and Bevacizumab Therapy in People With Unresectable Hepatocellular Carcinoma Amenable to TARE (EMERALD-Y90), ALTUS: Performance of a Multi- Target Hepatocellular Carcinoma (HCC) Test in Subjects With Increased Risk, Application of ICG@HSA Complexes in Fluorescence Image-Guided Laparoscopic Anatomical Liver Resection, ChemoRT With and Without Dental Stent for Taste Protection in NPC Patients, Clinical Effectiveness of Microwave Ablation Using Starwave Microwave Generator for Hepatic Malignancies, Clinical Study of 18F-FAPI-RGD in Breast Tumors, Cooking for Your Health in Southern New Mexico -- Cooking for Your Health in Southern New Mexico -- Cooking for Your Health in Southern New Mexico -- Cooking for Your Health in Southern New Mexico, Detecting Cardiac Thrombi in Acute Ischemic Stroke on Cardiac CT Versus Transoesophageal Echocardiography, Does Starting Feeds on the First Day of Life Help Premature Infants Reach Full Volume Feeds Sooner?, Durvalumab and Lenvatinib in Participants With Locally Advanced and Metastatic Hepatocellular Carcinoma ( Dulect2020-1 ), FATLAS: Comprehensive Multi-level Characterization of Systemic and Mammary Adiposity in Breast Cancer Patients., Feas 1, Feas 2, Feasibility 1, First-in-Human Study of Mutant-selective PI3Kα Inhibitor, RLY-2608, as a Single Agent in Advanced Solid Tumor Patients and in Combination With Fulvestrant in Patients With Advanced Breast Cancer, First-in-human, Study of MATTISSE® Tissue Engineering Chamber in Adult Female Patients Undergoing Breast Reconstruction After Mastectomy for Cancer, Mangafodipir - an Intracellular Contrast Agent for Magnetic Resonance Imaging (MRI): Measuring Manganese Uptake Rate in Heart Failure Patients With Preserved Ejection Fraction (HFpEF) Patients., NKX019, Intravenous Allogeneic Chimeric Antigen Receptor Natural Killer Cells (CAR NK), in Participants With Immune-Mediated Diseases (Ntrust-2), Novel Approaches to the Treatment of Hypothyroidism, Pediatric Hepatic Tumors, RESTORE Declined Livers Study, Study on the Clinical Application Value of PET Imaging Targeting GPC3 in Hepatocellular Carcinoma, Tamoxifen +/​- GnRH Analogue vs Aromatase Inhibitor + GnRH Analogue in Male Breast Cancer Patients (MALE), Test Study for Feasibility Flow, Testing Study for Feasibility flow, Understanding Male Breast Cancer: Salah Azaïz Cancer Institute Experience, Virtual Interactive 3D Modelling to Improve Outcomes in Robotic-Assisted Partial Nephrectomy, Virtual Ward-Assisted Very earLy dIschArge of Low-rIsk STEMI patieNTs: the VALIANT-STEMI Trial,
MRN-1676998,Douglas Williams,48,(3D) Ultrasound Imaging Liver and Kidney, 12A USUK Study to Evaluate Transarterial Radioembolization (TARE) in Combination With Durvalumab and Bevacizumab Therapy in People With Unresectable Hepatocellular Carcinoma Amenable to TARE (EMERALD-Y90), 1A USUK Study to Evaluate Transarterial Radioembolization (TARE) in Combination With Durvalumab and Bevacizumab Therapy in People With Unresectable Hepatocellular Carcinoma Amenable to TARE (EMERALD-Y90), 2-Application of ICG@HSA Complexes in Fluorescence Image-Guided Laparoscopic Anatomical Liver Resection, A Single-arm, Open-label Clinical Study to Evaluate the Efficacy and Safety of VRT106 in Combination with Chemotherapy for Resectable Liver Cancer, A USUK Study to Evaluate Transarterial Radioembolization (TARE) in Combination With Durvalumab and Bevacizumab Therapy in People With Unresectable Hepatocellular Carcinoma Amenable to TARE (EMERALD-Y90), ALTUS: Performance of a Multi- Target Hepatocellular Carcinoma (HCC) Test in Subjects With Increased Risk, Application of ICG@HSA Complexes in Fluorescence Image-Guided Laparoscopic Anatomical Liver Resection, Clinical Effectiveness of Microwave Ablation Using Starwave Microwave Generator for Hepatic Malignancies, Clinical Study of 18F-FAPI-RGD in Breast Tumors, Detecting Cardiac Thrombi in Acute Ischemic Stroke on Cardiac CT Versus Transoesophageal Echocardiography, Durvalumab and Lenvatinib in Participants With Locally Advanced and Metastatic Hepatocellular Carcinoma ( Dulect2020-1 ), Feas 1, Feas 2, First-in-human, Study of MATTISSE® Tissue Engineering Chamber in Adult Female Patients Undergoing Breast Reconstruction After Mastectomy for Cancer, Novel Approaches to the Treatment of Hypothyroidism, RESTORE Declined Livers Study, Study on the Clinical Application Value of PET Imaging Targeting GPC3 in Hepatocellular Carcinoma, Tamoxifen +/​- GnRH Analogue vs Aromatase Inhibitor + GnRH Analogue in Male Breast Cancer Patients (MALE), Virtual Interactive 3D Modelling to Improve Outcomes in Robotic-Assisted Partial Nephrectomy, Virtual Ward-Assisted Very earLy dIschArge of Low-rIsk STEMI patieNTs: the VALIANT-STEMI Trial,
MRN-1750206,Andrea Brandt,40,(3D) Ultrasound Imaging Liver and Kidney, 12A USUK Study to Evaluate Transarterial Radioembolization (TARE) in Combination With Durvalumab and Bevacizumab Therapy in People With Unresectable Hepatocellular Carcinoma Amenable to TARE (EMERALD-Y90), 1A USUK Study to Evaluate Transarterial Radioembolization (TARE) in Combination With Durvalumab and Bevacizumab Therapy in People With Unresectable Hepatocellular Carcinoma Amenable to TARE (EMERALD-Y90), 2-Application of ICG@HSA Complexes in Fluorescence Image-Guided Laparoscopic Anatomical Liver Resection, A Single-arm, Open-label Clinical Study to Evaluate the Efficacy and Safety of VRT106 in Combination with Chemotherapy for Resectable Liver Cancer, A USUK Study to Evaluate Transarterial Radioembolization (TARE) in Combination With Durvalumab and Bevacizumab Therapy in People With Unresectable Hepatocellular Carcinoma Amenable to TARE (EMERALD-Y90), ALTUS: Performance of a Multi- Target Hepatocellular Carcinoma (HCC) Test in Subjects With Increased Risk, Application of ICG@HSA Complexes in Fluorescence Image-Guided Laparoscopic Anatomical Liver Resection, Clinical Effectiveness of Microwave Ablation Using Starwave Microwave Generator for Hepatic Malignancies, Clinical Study of 18F-FAPI-RGD in Breast Tumors, Detecting Cardiac Thrombi in Acute Ischemic Stroke on Cardiac CT Versus Transoesophageal Echocardiography, Durvalumab and Lenvatinib in Participants With Locally Advanced and Metastatic Hepatocellular Carcinoma ( Dulect2020-1 ), Feas 1, Feas 2, First-in-human, Study of MATTISSE® Tissue Engineering Chamber in Adult Female Patients Undergoing Breast Reconstruction After Mastectomy for Cancer, Novel Approaches to the Treatment of Hypothyroidism, RESTORE Declined Livers Study, Study of Tislelizumab in Combination With SOX for the Treatment of Gastric Cancer With Liver Metastases, Study on the Clinical Application Value of PET Imaging Targeting GPC3 in Hepatocellular Carcinoma, Tamoxifen +/​- GnRH Analogue vs Aromatase Inhibitor + GnRH Analogue in Male Breast Cancer Patients (MALE), Test Feasible, Versioning Test study, Virtual Interactive 3D Modelling to Improve Outcomes in Robotic-Assisted Partial Nephrectomy, Virtual Ward-Assisted Very earLy dIschArge of Low-rIsk STEMI patieNTs: the VALIANT-STEMI Trial,
MRN-1867707,Melissa Davis,114,(3D) Ultrasound Imaging Liver and Kidney, 12A USUK Study to Evaluate Transarterial Radioembolization (TARE) in Combination With Durvalumab and Bevacizumab Therapy in People With Unresectable Hepatocellular Carcinoma Amenable to TARE (EMERALD-Y90), 1A USUK Study to Evaluate Transarterial Radioembolization (TARE) in Combination With Durvalumab and Bevacizumab Therapy in People With Unresectable Hepatocellular Carcinoma Amenable to TARE (EMERALD-Y90), 2-Application of ICG@HSA Complexes in Fluorescence Image-Guided Laparoscopic Anatomical Liver Resection, A Single-arm, Open-label Clinical Study to Evaluate the Efficacy and Safety of VRT106 in Combination with Chemotherapy for Resectable Liver Cancer, A USUK Study to Evaluate Transarterial Radioembolization (TARE) in Combination With Durvalumab and Bevacizumab Therapy in People With Unresectable Hepatocellular Carcinoma Amenable to TARE (EMERALD-Y90), ALTUS: Performance of a Multi- Target Hepatocellular Carcinoma (HCC) Test in Subjects With Increased Risk, Application of ICG@HSA Complexes in Fluorescence Image-Guided Laparoscopic Anatomical Liver Resection, Clinical Effectiveness of Microwave Ablation Using Starwave Microwave Generator for Hepatic Malignancies, Clinical Study of 18F-FAPI-RGD in Breast Tumors, Detecting Cardiac Thrombi in Acute Ischemic Stroke on Cardiac CT Versus Transoesophageal Echocardiography, Durvalumab and Lenvatinib in Participants With Locally Advanced and Metastatic Hepatocellular Carcinoma ( Dulect2020-1 ), Evaluation of the Safety and Effectiveness of Pringle Method Combined With IVC Flow Limiting and Blocking Method in Laparoscopic Hepatectomy Based on Non-restrictive Fluid Therapy Strategy, Feas 1, Feas 2, First-in-human, Study of MATTISSE® Tissue Engineering Chamber in Adult Female Patients Undergoing Breast Reconstruction After Mastectomy for Cancer, Novel Approaches to the Treatment of Hypothyroidism, Perioperative Therapy Preoperative Chemotherapy Versus Chemoradiotherapy in Locally Advanced Gall Bladder Cancers, RESTORE Declined Livers Study, Study on the Clinical Application Value of PET Imaging Targeting GPC3 in Hepatocellular Carcinoma, Tamoxifen +/​- GnRH Analogue vs Aromatase Inhibitor + GnRH Analogue in Male Breast Cancer Patients (MALE), Test Feasible, Virtual Interactive 3D Modelling to Improve Outcomes in Robotic-Assisted Partial Nephrectomy, Virtual Ward-Assisted Very earLy dIschArge of Low-rIsk STEMI patieNTs: the VALIANT-STEMI Trial,
MRN-1963937,Rodney Weaver,21,(3D) Ultrasound Imaging Liver and Kidney, 12A USUK Study to Evaluate Transarterial Radioembolization (TARE) in Combination With Durvalumab and Bevacizumab Therapy in People With Unresectable Hepatocellular Carcinoma Amenable to TARE (EMERALD-Y90), 1A USUK Study to Evaluate Transarterial Radioembolization (TARE) in Combination With Durvalumab and Bevacizumab Therapy in People With Unresectable Hepatocellular Carcinoma Amenable to TARE (EMERALD-Y90), 2-Application of ICG@HSA Complexes in Fluorescence Image-Guided Laparoscopic Anatomical Liver Resection, A Single-arm, Open-label Clinical Study to Evaluate the Efficacy and Safety of VRT106 in Combination with Chemotherapy for Resectable Liver Cancer, A USUK Study to Evaluate Transarterial Radioembolization (TARE) in Combination With Durvalumab and Bevacizumab Therapy in People With Unresectable Hepatocellular Carcinoma Amenable to TARE (EMERALD-Y90), ALTUS: Performance of a Multi- Target Hepatocellular Carcinoma (HCC) Test in Subjects With Increased Risk, Application of ICG@HSA Complexes in Fluorescence Image-Guided Laparoscopic Anatomical Liver Resection, Clinical Effectiveness of Microwave Ablation Using Starwave Microwave Generator for Hepatic Malignancies, Clinical Study of 18F-FAPI-RGD in Breast Tumors, Detecting Cardiac Thrombi in Acute Ischemic Stroke on Cardiac CT Versus Transoesophageal Echocardiography, Displacement Distance and Stabilization Time for Liver Fiducial Marker, Durvalumab and Lenvatinib in Participants With Locally Advanced and Metastatic Hepatocellular Carcinoma ( Dulect2020-1 ), Efficacy and Safety of Ultra_HYPofractionated RadiotHerapy in Women With BrEast CaNcer Receiving Regional Nodal Radiation vs Nodal Moderate Hypofractionated Radiotherapy, Evaluation of the Safety and Effectiveness of Pringle Method Combined With IVC Flow Limiting and Blocking Method in Laparoscopic Hepatectomy Based on Non-restrictive Fluid Therapy Strategy, Feas 1, Feas 2, First-in-human, Study of MATTISSE® Tissue Engineering Chamber in Adult Female Patients Undergoing Breast Reconstruction After Mastectomy for Cancer, Novel Approaches to the Treatment of Hypothyroidism, Pediatric Hepatic Tumors, RESTORE Declined Livers Study, Radioembolisation and Chemotherapy in Liver Metastatic Breast Cancer Patients, Study on the Clinical Application Value of PET Imaging Targeting GPC3 in Hepatocellular Carcinoma, Tamoxifen +/​- GnRH Analogue vs Aromatase Inhibitor + GnRH Analogue in Male Breast Cancer Patients (MALE), Virtual Interactive 3D Modelling to Improve Outcomes in Robotic-Assisted Partial Nephrectomy, Virtual Ward-Assisted Very earLy dIschArge of Low-rIsk STEMI patieNTs: the VALIANT-STEMI Trial,
MRN-2090470,Jennifer Ellis,21,(3D) Ultrasound Imaging Liver and Kidney, 12A USUK Study to Evaluate Transarterial Radioembolization (TARE) in Combination With Durvalumab and Bevacizumab Therapy in People With Unresectable Hepatocellular Carcinoma Amenable to TARE (EMERALD-Y90), 1A USUK Study to Evaluate Transarterial Radioembolization (TARE) in Combination With Durvalumab and Bevacizumab Therapy in People With Unresectable Hepatocellular Carcinoma Amenable to TARE (EMERALD-Y90), 2-Application of ICG@HSA Complexes in Fluorescence Image-Guided Laparoscopic Anatomical Liver Resection, A Multicenter RCT Study of 3DV Technology in the Diagnosis and Treatment of PLC, A Single-arm, Open-label Clinical Study to Evaluate the Efficacy and Safety of VRT106 in Combination with Chemotherapy for Resectable Liver Cancer, A Study Evaluating the Efficacy and Safety of Multiple Immunotherapy-Based Treatment Combinations in Patients With Advanced Liver Cancers (Morpheus-Liver), A USUK Study to Evaluate Transarterial Radioembolization (TARE) in Combination With Durvalumab and Bevacizumab Therapy in People With Unresectable Hepatocellular Carcinoma Amenable to TARE (EMERALD-Y90), ALTUS: Performance of a Multi- Target Hepatocellular Carcinoma (HCC) Test in Subjects With Increased Risk, Application of ICG@HSA Complexes in Fluorescence Image-Guided Laparoscopic Anatomical Liver Resection, ChemoRT With and Without Dental Stent for Taste Protection in NPC Patients, Clinical Effectiveness of Microwave Ablation Using Starwave Microwave Generator for Hepatic Malignancies, Clinical Study of 18F-FAPI-RGD in Breast Tumors, Cooking for Your Health in Southern New Mexico -- Cooking for Your Health in Southern New Mexico -- Cooking for Your Health in Southern New Mexico -- Cooking for Your Health in Southern New Mexico, Detecting Cardiac Thrombi in Acute Ischemic Stroke on Cardiac CT Versus Transoesophageal Echocardiography, Does Starting Feeds on the First Day of Life Help Premature Infants Reach Full Volume Feeds Sooner?, Durvalumab and Lenvatinib in Participants With Locally Advanced and Metastatic Hepatocellular Carcinoma ( Dulect2020-1 ), Efficacy and Safety of Ultra_HYPofractionated RadiotHerapy in Women With BrEast CaNcer Receiving Regional Nodal Radiation vs Nodal Moderate Hypofractionated Radiotherapy, FATLAS: Comprehensive Multi-level Characterization of Systemic and Mammary Adiposity in Breast Cancer Patients., Feas 1, Feas 2, Feasibility 1, First-in-Human Study of Mutant-selective PI3Kα Inhibitor, RLY-2608, as a Single Agent in Advanced Solid Tumor Patients and in Combination With Fulvestrant in Patients With Advanced Breast Cancer, First-in-human, Study of MATTISSE® Tissue Engineering Chamber in Adult Female Patients Undergoing Breast Reconstruction After Mastectomy for Cancer, Mangafodipir - an Intracellular Contrast Agent for Magnetic Resonance Imaging (MRI): Measuring Manganese Uptake Rate in Heart Failure Patients With Preserved Ejection Fraction (HFpEF) Patients., NKX019, Intravenous Allogeneic Chimeric Antigen Receptor Natural Killer Cells (CAR NK), in Participants With Immune-Mediated Diseases (Ntrust-2), Novel Approaches to the Treatment of Hypothyroidism, Omission of Surgery and Sentinel Lymph Node Dissection in Clinically Low-risk HER2positive Breast Cancer With High HER2 Addiction and a Complete Response Following Standard Anti- HER2-based Neoadjuvant Therapy (ELPIS Trial), Pediatric Hepatic Tumors, Perioperative Therapy Preoperative Chemotherapy Versus Chemoradiotherapy in Locally Advanced Gall Bladder Cancers, RESTORE Declined Livers Study, Study on the Clinical Application Value of PET Imaging Targeting GPC3 in Hepatocellular Carcinoma, Tamoxifen +/​- GnRH Analogue vs Aromatase Inhibitor + GnRH Analogue in Male Breast Cancer Patients (MALE), Test Study for Feasibility Flow, Testing Study for Feasibility flow, Understanding Male Breast Cancer: Salah Azaïz Cancer Institute Experience, Virtual Interactive 3D Modelling to Improve Outcomes in Robotic-Assisted Partial Nephrectomy, Virtual Ward-Assisted Very earLy dIschArge of Low-rIsk STEMI patieNTs: the VALIANT-STEMI Trial,
MRN-2192987,William Patton,17,(3D) Ultrasound Imaging Liver and Kidney, 12A USUK Study to Evaluate Transarterial Radioembolization (TARE) in Combination With Durvalumab and Bevacizumab Therapy in People With Unresectable Hepatocellular Carcinoma Amenable to TARE (EMERALD-Y90), 1A USUK Study to Evaluate Transarterial Radioembolization (TARE) in Combination With Durvalumab and Bevacizumab Therapy in People With Unresectable Hepatocellular Carcinoma Amenable to TARE (EMERALD-Y90), 2-Application of ICG@HSA Complexes in Fluorescence Image-Guided Laparoscopic Anatomical Liver Resection, A Single-arm, Open-label Clinical Study to Evaluate the Efficacy and Safety of VRT106 in Combination with Chemotherapy for Resectable Liver Cancer, A USUK Study to Evaluate Transarterial Radioembolization (TARE) in Combination With Durvalumab and Bevacizumab Therapy in People With Unresectable Hepatocellular Carcinoma Amenable to TARE (EMERALD-Y90), ALTUS: Performance of a Multi- Target Hepatocellular Carcinoma (HCC) Test in Subjects With Increased Risk, Application of ICG@HSA Complexes in Fluorescence Image-Guided Laparoscopic Anatomical Liver Resection, Clinical Effectiveness of Microwave Ablation Using Starwave Microwave Generator for Hepatic Malignancies, Clinical Study of 18F-FAPI-RGD in Breast Tumors, Detecting Cardiac Thrombi in Acute Ischemic Stroke on Cardiac CT Versus Transoesophageal Echocardiography, Durvalumab and Lenvatinib in Participants With Locally Advanced and Metastatic Hepatocellular Carcinoma ( Dulect2020-1 ), Feas 1, Feas 2, First-in-human, Study of MATTISSE® Tissue Engineering Chamber in Adult Female Patients Undergoing Breast Reconstruction After Mastectomy for Cancer, Novel Approaches to the Treatment of Hypothyroidism, RESTORE Declined Livers Study, Study of Tislelizumab in Combination With SOX for the Treatment of Gastric Cancer With Liver Metastases, Study on the Clinical Application Value of PET Imaging Targeting GPC3 in Hepatocellular Carcinoma, Tamoxifen +/​- GnRH Analogue vs Aromatase Inhibitor + GnRH Analogue in Male Breast Cancer Patients (MALE), Test Feasible, Versioning Test study, Virtual Interactive 3D Modelling to Improve Outcomes in Robotic-Assisted Partial Nephrectomy, Virtual Ward-Assisted Very earLy dIschArge of Low-rIsk STEMI patieNTs: the VALIANT-STEMI Trial,
MRN-2269353,Crystal Gutierrez,0,null,
MRN-2310693,Catherine Lopez,21,(3D) Ultrasound Imaging Liver and Kidney, 12A USUK Study to Evaluate Transarterial Radioembolization (TARE) in Combination With Durvalumab and Bevacizumab Therapy in People With Unresectable Hepatocellular Carcinoma Amenable to TARE (EMERALD-Y90), 1A USUK Study to Evaluate Transarterial Radioembolization (TARE) in Combination With Durvalumab and Bevacizumab Therapy in People With Unresectable Hepatocellular Carcinoma Amenable to TARE (EMERALD-Y90), 2-Application of ICG@HSA Complexes in Fluorescence Image-Guided Laparoscopic Anatomical Liver Resection, A Multicenter RCT Study of 3DV Technology in the Diagnosis and Treatment of PLC, A Single-arm, Open-label Clinical Study to Evaluate the Efficacy and Safety of VRT106 in Combination with Chemotherapy for Resectable Liver Cancer, A Study Evaluating the Efficacy and Safety of Multiple Immunotherapy-Based Treatment Combinations in Patients With Advanced Liver Cancers (Morpheus-Liver), A USUK Study to Evaluate Transarterial Radioembolization (TARE) in Combination With Durvalumab and Bevacizumab Therapy in People With Unresectable Hepatocellular Carcinoma Amenable to TARE (EMERALD-Y90), ALTUS: Performance of a Multi- Target Hepatocellular Carcinoma (HCC) Test in Subjects With Increased Risk, Application of ICG@HSA Complexes in Fluorescence Image-Guided Laparoscopic Anatomical Liver Resection, ChemoRT With and Without Dental Stent for Taste Protection in NPC Patients, Clinical Effectiveness of Microwave Ablation Using Starwave Microwave Generator for Hepatic Malignancies, Clinical Study of 18F-FAPI-RGD in Breast Tumors, Cooking for Your Health in Southern New Mexico -- Cooking for Your Health in Southern New Mexico -- Cooking for Your Health in Southern New Mexico -- Cooking for Your Health in Southern New Mexico, Detecting Cardiac Thrombi in Acute Ischemic Stroke on Cardiac CT Versus Transoesophageal Echocardiography, Does Starting Feeds on the First Day of Life Help Premature Infants Reach Full Volume Feeds Sooner?, Durvalumab and Lenvatinib in Participants With Locally Advanced and Metastatic Hepatocellular Carcinoma ( Dulect2020-1 ), Efficacy and Safety of Ultra_HYPofractionated RadiotHerapy in Women With BrEast CaNcer Receiving Regional Nodal Radiation vs Nodal Moderate Hypofractionated Radiotherapy, FATLAS: Comprehensive Multi-level Characterization of Systemic and Mammary Adiposity in Breast Cancer Patients., Feas 1, Feas 2, Feasibility 1, First-in-Human Study of Mutant-selective PI3Kα Inhibitor, RLY-2608, as a Single Agent in Advanced Solid Tumor Patients and in Combination With Fulvestrant in Patients With Advanced Breast Cancer, First-in-human, Study of MATTISSE® Tissue Engineering Chamber in Adult Female Patients Undergoing Breast Reconstruction After Mastectomy for Cancer, Mangafodipir - an Intracellular Contrast Agent for Magnetic Resonance Imaging (MRI): Measuring Manganese Uptake Rate in Heart Failure Patients With Preserved Ejection Fraction (HFpEF) Patients., NKX019, Intravenous Allogeneic Chimeric Antigen Receptor Natural Killer Cells (CAR NK), in Participants With Immune-Mediated Diseases (Ntrust-2), Novel Approaches to the Treatment of Hypothyroidism, Omission of Surgery and Sentinel Lymph Node Dissection in Clinically Low-risk HER2positive Breast Cancer With High HER2 Addiction and a Complete Response Following Standard Anti- HER2-based Neoadjuvant Therapy (ELPIS Trial), Pediatric Hepatic Tumors, Perioperative Therapy Preoperative Chemotherapy Versus Chemoradiotherapy in Locally Advanced Gall Bladder Cancers, RESTORE Declined Livers Study, Study on the Clinical Application Value of PET Imaging Targeting GPC3 in Hepatocellular Carcinoma, Tamoxifen +/​- GnRH Analogue vs Aromatase Inhibitor + GnRH Analogue in Male Breast Cancer Patients (MALE), Test Study for Feasibility Flow, Testing Study for Feasibility flow, Understanding Male Breast Cancer: Salah Azaïz Cancer Institute Experience, Virtual Interactive 3D Modelling to Improve Outcomes in Robotic-Assisted Partial Nephrectomy, Virtual Ward-Assisted Very earLy dIschArge of Low-rIsk STEMI patieNTs: the VALIANT-STEMI Trial,
MRN-2314537,Dr. Melissa Zimmerman,24,(3D) Ultrasound Imaging Liver and Kidney, 12A USUK Study to Evaluate Transarterial Radioembolization (TARE) in Combination With Durvalumab and Bevacizumab Therapy in People With Unresectable Hepatocellular Carcinoma Amenable to TARE (EMERALD-Y90), 1A USUK Study to Evaluate Transarterial Radioembolization (TARE) in Combination With Durvalumab and Bevacizumab Therapy in People With Unresectable Hepatocellular Carcinoma Amenable to TARE (EMERALD-Y90), 2-Application of ICG@HSA Complexes in Fluorescence Image-Guided Laparoscopic Anatomical Liver Resection, A Single-arm, Open-label Clinical Study to Evaluate the Efficacy and Safety of VRT106 in Combination with Chemotherapy for Resectable Liver Cancer, A USUK Study to Evaluate Transarterial Radioembolization (TARE) in Combination With Durvalumab and Bevacizumab Therapy in People With Unresectable Hepatocellular Carcinoma Amenable to TARE (EMERALD-Y90), ALTUS: Performance of a Multi- Target Hepatocellular Carcinoma (HCC) Test in Subjects With Increased Risk, Application of ICG@HSA Complexes in Fluorescence Image-Guided Laparoscopic Anatomical Liver Resection, Clinical Effectiveness of Microwave Ablation Using Starwave Microwave Generator for Hepatic Malignancies, Clinical Study of 18F-FAPI-RGD in Breast Tumors, Cooking for Your Health in Southern New Mexico -- Cooking for Your Health in Southern New Mexico -- Cooking for Your Health in Southern New Mexico -- Cooking for Your Health in Southern New Mexico, Detecting Cardiac Thrombi in Acute Ischemic Stroke on Cardiac CT Versus Transoesophageal Echocardiography, Displacement Distance and Stabilization Time for Liver Fiducial Marker, Durvalumab and Lenvatinib in Participants With Locally Advanced and Metastatic Hepatocellular Carcinoma ( Dulect2020-1 ), Efficacy and Safety of Ultra_HYPofractionated RadiotHerapy in Women With BrEast CaNcer Receiving Regional Nodal Radiation vs Nodal Moderate Hypofractionated Radiotherapy, FATLAS: Comprehensive Multi-level Characterization of Systemic and Mammary Adiposity in Breast Cancer Patients., Feas 1, Feas 2, Feasibility 1, First-in-human, Study of MATTISSE® Tissue Engineering Chamber in Adult Female Patients Undergoing Breast Reconstruction After Mastectomy for Cancer, Novel Approaches to the Treatment of Hypothyroidism, Pediatric Hepatic Tumors, Perioperative Therapy Preoperative Chemotherapy Versus Chemoradiotherapy in Locally Advanced Gall Bladder Cancers, RESTORE Declined Livers Study, Radioembolisation and Chemotherapy in Liver Metastatic Breast Cancer Patients, Study on the Clinical Application Value of PET Imaging Targeting GPC3 in Hepatocellular Carcinoma, Tamoxifen +/​- GnRH Analogue vs Aromatase Inhibitor + GnRH Analogue in Male Breast Cancer Patients (MALE), Test Feasible, Test Study for Feasibility Flow, Testing Study for Feasibility flow, Virtual Interactive 3D Modelling to Improve Outcomes in Robotic-Assisted Partial Nephrectomy, Virtual Ward-Assisted Very earLy dIschArge of Low-rIsk STEMI patieNTs: the VALIANT-STEMI Trial,
MRN-2559037,Joy Hensley,21,(3D) Ultrasound Imaging Liver and Kidney, 12A USUK Study to Evaluate Transarterial Radioembolization (TARE) in Combination With Durvalumab and Bevacizumab Therapy in People With Unresectable Hepatocellular Carcinoma Amenable to TARE (EMERALD-Y90), 1A USUK Study to Evaluate Transarterial Radioembolization (TARE) in Combination With Durvalumab and Bevacizumab Therapy in People With Unresectable Hepatocellular Carcinoma Amenable to TARE (EMERALD-Y90), 2-Application of ICG@HSA Complexes in Fluorescence Image-Guided Laparoscopic Anatomical Liver Resection, A Multicenter RCT Study of 3DV Technology in the Diagnosis and Treatment of PLC, A Single-arm, Open-label Clinical Study to Evaluate the Efficacy and Safety of VRT106 in Combination with Chemotherapy for Resectable Liver Cancer, A Study Evaluating the Efficacy and Safety of Multiple Immunotherapy-Based Treatment Combinations in Patients With Advanced Liver Cancers (Morpheus-Liver), A USUK Study to Evaluate Transarterial Radioembolization (TARE) in Combination With Durvalumab and Bevacizumab Therapy in People With Unresectable Hepatocellular Carcinoma Amenable to TARE (EMERALD-Y90), ALTUS: Performance of a Multi- Target Hepatocellular Carcinoma (HCC) Test in Subjects With Increased Risk, Application of ICG@HSA Complexes in Fluorescence Image-Guided Laparoscopic Anatomical Liver Resection, ChemoRT With and Without Dental Stent for Taste Protection in NPC Patients, Clinical Effectiveness of Microwave Ablation Using Starwave Microwave Generator for Hepatic Malignancies, Clinical Study of 18F-FAPI-RGD in Breast Tumors, Cooking for Your Health in Southern New Mexico -- Cooking for Your Health in Southern New Mexico -- Cooking for Your Health in Southern New Mexico -- Cooking for Your Health in Southern New Mexico, Detecting Cardiac Thrombi in Acute Ischemic Stroke on Cardiac CT Versus Transoesophageal Echocardiography, Does Starting Feeds on the First Day of Life Help Premature Infants Reach Full Volume Feeds Sooner?, Durvalumab and Lenvatinib in Participants With Locally Advanced and Metastatic Hepatocellular Carcinoma ( Dulect2020-1 ), Efficacy and Safety of Ultra_HYPofractionated RadiotHerapy in Women With BrEast CaNcer Receiving Regional Nodal Radiation vs Nodal Moderate Hypofractionated Radiotherapy, FATLAS: Comprehensive Multi-level Characterization of Systemic and Mammary Adiposity in Breast Cancer Patients., Feas 1, Feas 2, Feasibility 1, First-in-Human Study of Mutant-selective PI3Kα Inhibitor, RLY-2608, as a Single Agent in Advanced Solid Tumor Patients and in Combination With Fulvestrant in Patients With Advanced Breast Cancer, First-in-human, Study of MATTISSE® Tissue Engineering Chamber in Adult Female Patients Undergoing Breast Reconstruction After Mastectomy for Cancer, Mangafodipir - an Intracellular Contrast Agent for Magnetic Resonance Imaging (MRI): Measuring Manganese Uptake Rate in Heart Failure Patients With Preserved Ejection Fraction (HFpEF) Patients., NKX019, Intravenous Allogeneic Chimeric Antigen Receptor Natural Killer Cells (CAR NK), in Participants With Immune-Mediated Diseases (Ntrust-2), Novel Approaches to the Treatment of Hypothyroidism, Omission of Surgery and Sentinel Lymph Node Dissection in Clinically Low-risk HER2positive Breast Cancer With High HER2 Addiction and a Complete Response Following Standard Anti- HER2-based Neoadjuvant Therapy (ELPIS Trial), Pediatric Hepatic Tumors, Perioperative Therapy Preoperative Chemotherapy Versus Chemoradiotherapy in Locally Advanced Gall Bladder Cancers, RESTORE Declined Livers Study, Study on the Clinical Application Value of PET Imaging Targeting GPC3 in Hepatocellular Carcinoma, Tamoxifen +/​- GnRH Analogue vs Aromatase Inhibitor + GnRH Analogue in Male Breast Cancer Patients (MALE), Test Study for Feasibility Flow, Testing Study for Feasibility flow, Understanding Male Breast Cancer: Salah Azaïz Cancer Institute Experience, Virtual Interactive 3D Modelling to Improve Outcomes in Robotic-Assisted Partial Nephrectomy, Virtual Ward-Assisted Very earLy dIschArge of Low-rIsk STEMI patieNTs: the VALIANT-STEMI Trial,
MRN-2660195,Michael Reese,41,(3D) Ultrasound Imaging Liver and Kidney, 12A USUK Study to Evaluate Transarterial Radioembolization (TARE) in Combination With Durvalumab and Bevacizumab Therapy in People With Unresectable Hepatocellular Carcinoma Amenable to TARE (EMERALD-Y90), 1A USUK Study to Evaluate Transarterial Radioembolization (TARE) in Combination With Durvalumab and Bevacizumab Therapy in People With Unresectable Hepatocellular Carcinoma Amenable to TARE (EMERALD-Y90), 2-Application of ICG@HSA Complexes in Fluorescence Image-Guided Laparoscopic Anatomical Liver Resection, A Single-arm, Open-label Clinical Study to Evaluate the Efficacy and Safety of VRT106 in Combination with Chemotherapy for Resectable Liver Cancer, A USUK Study to Evaluate Transarterial Radioembolization (TARE) in Combination With Durvalumab and Bevacizumab Therapy in People With Unresectable Hepatocellular Carcinoma Amenable to TARE (EMERALD-Y90), ALTUS: Performance of a Multi- Target Hepatocellular Carcinoma (HCC) Test in Subjects With Increased Risk, Application of ICG@HSA Complexes in Fluorescence Image-Guided Laparoscopic Anatomical Liver Resection, Clinical Effectiveness of Microwave Ablation Using Starwave Microwave Generator for Hepatic Malignancies, Clinical Study of 18F-FAPI-RGD in Breast Tumors, Cooking for Your Health in Southern New Mexico -- Cooking for Your Health in Southern New Mexico -- Cooking for Your Health in Southern New Mexico -- Cooking for Your Health in Southern New Mexico, Detecting Cardiac Thrombi in Acute Ischemic Stroke on Cardiac CT Versus Transoesophageal Echocardiography, Durvalumab and Lenvatinib in Participants With Locally Advanced and Metastatic Hepatocellular Carcinoma ( Dulect2020-1 ), Feas 1, Feas 2, First-in-human, Study of MATTISSE® Tissue Engineering Chamber in Adult Female Patients Undergoing Breast Reconstruction After Mastectomy for Cancer, Novel Approaches to the Treatment of Hypothyroidism, RESTORE Declined Livers Study, Radioembolisation and Chemotherapy in Liver Metastatic Breast Cancer Patients, Study of Tislelizumab in Combination With SOX for the Treatment of Gastric Cancer With Liver Metastases, Study on the Clinical Application Value of PET Imaging Targeting GPC3 in Hepatocellular Carcinoma, Tamoxifen +/​- GnRH Analogue vs Aromatase Inhibitor + GnRH Analogue in Male Breast Cancer Patients (MALE), Test Feasible, Versioning Test study, Virtual Interactive 3D Modelling to Improve Outcomes in Robotic-Assisted Partial Nephrectomy, Virtual Ward-Assisted Very earLy dIschArge of Low-rIsk STEMI patieNTs: the VALIANT-STEMI Trial,
MRN-3044729,Michael Vasquez,22,(3D) Ultrasound Imaging Liver and Kidney, 12A USUK Study to Evaluate Transarterial Radioembolization (TARE) in Combination With Durvalumab and Bevacizumab Therapy in People With Unresectable Hepatocellular Carcinoma Amenable to TARE (EMERALD-Y90), 1A USUK Study to Evaluate Transarterial Radioembolization (TARE) in Combination With Durvalumab and Bevacizumab Therapy in People With Unresectable Hepatocellular Carcinoma Amenable to TARE (EMERALD-Y90), 2-Application of ICG@HSA Complexes in Fluorescence Image-Guided Laparoscopic Anatomical Liver Resection, A Multicenter RCT Study of 3DV Technology in the Diagnosis and Treatment of PLC, A Single-arm, Open-label Clinical Study to Evaluate the Efficacy and Safety of VRT106 in Combination with Chemotherapy for Resectable Liver Cancer, A Study Evaluating the Efficacy and Safety of Multiple Immunotherapy-Based Treatment Combinations in Patients With Advanced Liver Cancers (Morpheus-Liver), A USUK Study to Evaluate Transarterial Radioembolization (TARE) in Combination With Durvalumab and Bevacizumab Therapy in People With Unresectable Hepatocellular Carcinoma Amenable to TARE (EMERALD-Y90), ALTUS: Performance of a Multi- Target Hepatocellular Carcinoma (HCC) Test in Subjects With Increased Risk, Application of ICG@HSA Complexes in Fluorescence Image-Guided Laparoscopic Anatomical Liver Resection, ChemoRT With and Without Dental Stent for Taste Protection in NPC Patients, Clinical Effectiveness of Microwave Ablation Using Starwave Microwave Generator for Hepatic Malignancies, Clinical Study of 18F-FAPI-RGD in Breast Tumors, Cooking for Your Health in Southern New Mexico -- Cooking for Your Health in Southern New Mexico -- Cooking for Your Health in Southern New Mexico -- Cooking for Your Health in Southern New Mexico, Detecting Cardiac Thrombi in Acute Ischemic Stroke on Cardiac CT Versus Transoesophageal Echocardiography, Does Starting Feeds on the First Day of Life Help Premature Infants Reach Full Volume Feeds Sooner?, Durvalumab and Lenvatinib in Participants With Locally Advanced and Metastatic Hepatocellular Carcinoma ( Dulect2020-1 ), Efficacy and Safety of Ultra_HYPofractionated RadiotHerapy in Women With BrEast CaNcer Receiving Regional Nodal Radiation vs Nodal Moderate Hypofractionated Radiotherapy, Evaluation of the Safety and Effectiveness of Pringle Method Combined With IVC Flow Limiting and Blocking Method in Laparoscopic Hepatectomy Based on Non-restrictive Fluid Therapy Strategy, FATLAS: Comprehensive Multi-level Characterization of Systemic and Mammary Adiposity in Breast Cancer Patients., Feas 1, Feas 2, Feasibility 1, First-in-Human Study of Mutant-selective PI3Kα Inhibitor, RLY-2608, as a Single Agent in Advanced Solid Tumor Patients and in Combination With Fulvestrant in Patients With Advanced Breast Cancer, First-in-human, Study of MATTISSE® Tissue Engineering Chamber in Adult Female Patients Undergoing Breast Reconstruction After Mastectomy for Cancer, Mangafodipir - an Intracellular Contrast Agent for Magnetic Resonance Imaging (MRI): Measuring Manganese Uptake Rate in Heart Failure Patients With Preserved Ejection Fraction (HFpEF) Patients., NKX019, Intravenous Allogeneic Chimeric Antigen Receptor Natural Killer Cells (CAR NK), in Participants With Immune-Mediated Diseases (Ntrust-2), Novel Approaches to the Treatment of Hypothyroidism, Omission of Surgery and Sentinel Lymph Node Dissection in Clinically Low-risk HER2positive Breast Cancer With High HER2 Addiction and a Complete Response Following Standard Anti- HER2-based Neoadjuvant Therapy (ELPIS Trial), Pediatric Hepatic Tumors, Perioperative Therapy Preoperative Chemotherapy Versus Chemoradiotherapy in Locally Advanced Gall Bladder Cancers, RESTORE Declined Livers Study, Study on the Clinical Application Value of PET Imaging Targeting GPC3 in Hepatocellular Carcinoma, Tamoxifen +/​- GnRH Analogue vs Aromatase Inhibitor + GnRH Analogue in Male Breast Cancer Patients (MALE), Test Feasible, Test Study for Feasibility Flow, Testing Study for Feasibility flow, Understanding Male Breast Cancer: Salah Azaïz Cancer Institute Experience, Versioning Test study, Virtual Interactive 3D Modelling to Improve Outcomes in Robotic-Assisted Partial Nephrectomy, Virtual Ward-Assisted Very earLy dIschArge of Low-rIsk STEMI patieNTs: the VALIANT-STEMI Trial,
MRN-3064566,Adam Dixon,25,(3D) Ultrasound Imaging Liver and Kidney, 12A USUK Study to Evaluate Transarterial Radioembolization (TARE) in Combination With Durvalumab and Bevacizumab Therapy in People With Unresectable Hepatocellular Carcinoma Amenable to TARE (EMERALD-Y90), 1A USUK Study to Evaluate Transarterial Radioembolization (TARE) in Combination With Durvalumab and Bevacizumab Therapy in People With Unresectable Hepatocellular Carcinoma Amenable to TARE (EMERALD-Y90), 2-Application of ICG@HSA Complexes in Fluorescence Image-Guided Laparoscopic Anatomical Liver Resection, A Multicenter RCT Study of 3DV Technology in the Diagnosis and Treatment of PLC, A Single-arm, Open-label Clinical Study to Evaluate the Efficacy and Safety of VRT106 in Combination with Chemotherapy for Resectable Liver Cancer, A Study Evaluating the Efficacy and Safety of Multiple Immunotherapy-Based Treatment Combinations in Patients With Advanced Liver Cancers (Morpheus-Liver), A USUK Study to Evaluate Transarterial Radioembolization (TARE) in Combination With Durvalumab and Bevacizumab Therapy in People With Unresectable Hepatocellular Carcinoma Amenable to TARE (EMERALD-Y90), ALTUS: Performance of a Multi- Target Hepatocellular Carcinoma (HCC) Test in Subjects With Increased Risk, Application of ICG@HSA Complexes in Fluorescence Image-Guided Laparoscopic Anatomical Liver Resection, ChemoRT With and Without Dental Stent for Taste Protection in NPC Patients, Clinical Effectiveness of Microwave Ablation Using Starwave Microwave Generator for Hepatic Malignancies, Clinical Study of 18F-FAPI-RGD in Breast Tumors, Cooking for Your Health in Southern New Mexico -- Cooking for Your Health in Southern New Mexico -- Cooking for Your Health in Southern New Mexico -- Cooking for Your Health in Southern New Mexico, Detecting Cardiac Thrombi in Acute Ischemic Stroke on Cardiac CT Versus Transoesophageal Echocardiography, Does Starting Feeds on the First Day of Life Help Premature Infants Reach Full Volume Feeds Sooner?, Durvalumab and Lenvatinib in Participants With Locally Advanced and Metastatic Hepatocellular Carcinoma ( Dulect2020-1 ), Efficacy and Safety of Ultra_HYPofractionated RadiotHerapy in Women With BrEast CaNcer Receiving Regional Nodal Radiation vs Nodal Moderate Hypofractionated Radiotherapy, FATLAS: Comprehensive Multi-level Characterization of Systemic and Mammary Adiposity in Breast Cancer Patients., Feas 1, Feas 2, Feasibility 1, First-in-Human Study of Mutant-selective PI3Kα Inhibitor, RLY-2608, as a Single Agent in Advanced Solid Tumor Patients and in Combination With Fulvestrant in Patients With Advanced Breast Cancer, First-in-human, Study of MATTISSE® Tissue Engineering Chamber in Adult Female Patients Undergoing Breast Reconstruction After Mastectomy for Cancer, Mangafodipir - an Intracellular Contrast Agent for Magnetic Resonance Imaging (MRI): Measuring Manganese Uptake Rate in Heart Failure Patients With Preserved Ejection Fraction (HFpEF) Patients., NKX019, Intravenous Allogeneic Chimeric Antigen Receptor Natural Killer Cells (CAR NK), in Participants With Immune-Mediated Diseases (Ntrust-2), Novel Approaches to the Treatment of Hypothyroidism, Pediatric Hepatic Tumors, RESTORE Declined Livers Study, Study on the Clinical Application Value of PET Imaging Targeting GPC3 in Hepatocellular Carcinoma, Tamoxifen +/​- GnRH Analogue vs Aromatase Inhibitor + GnRH Analogue in Male Breast Cancer Patients (MALE), Test Feasible, Test Study for Feasibility Flow, Testing Study for Feasibility flow, Understanding Male Breast Cancer: Salah Azaïz Cancer Institute Experience, Virtual Interactive 3D Modelling to Improve Outcomes in Robotic-Assisted Partial Nephrectomy, Virtual Ward-Assisted Very earLy dIschArge of Low-rIsk STEMI patieNTs: the VALIANT-STEMI Trial,
MRN-3103669,Nathan Chan,0,A Multicenter RCT Study of 3DV Technology in the Diagnosis and Treatment of PLC, A Study Evaluating the Efficacy and Safety of Multiple Immunotherapy-Based Treatment Combinations in Patients With Advanced Liver Cancers (Morpheus-Liver), A USUK Study to Evaluate Transarterial Radioembolization (TARE) in Combination With Durvalumab and Bevacizumab Therapy in People With Unresectable Hepatocellular Carcinoma Amenable to TARE (EMERALD-Y90), Application of ICG@HSA Complexes in Fluorescence Image-Guided Laparoscopic Anatomical Liver Resection, ChemoRT With and Without Dental Stent for Taste Protection in NPC Patients, Clinical Effectiveness of Microwave Ablation Using Starwave Microwave Generator for Hepatic Malignancies, Clinical Study of 18F-FAPI-RGD in Breast Tumors, Cooking for Your Health in Southern New Mexico -- Cooking for Your Health in Southern New Mexico -- Cooking for Your Health in Southern New Mexico -- Cooking for Your Health in Southern New Mexico, Detecting Cardiac Thrombi in Acute Ischemic Stroke on Cardiac CT Versus Transoesophageal Echocardiography, Does Starting Feeds on the First Day of Life Help Premature Infants Reach Full Volume Feeds Sooner?, Durvalumab and Lenvatinib in Participants With Locally Advanced and Metastatic Hepatocellular Carcinoma ( Dulect2020-1 ), FATLAS: Comprehensive Multi-level Characterization of Systemic and Mammary Adiposity in Breast Cancer Patients., Feas 1, Feas 2, Feasibility 1, First-in-Human Study of Mutant-selective PI3Kα Inhibitor, RLY-2608, as a Single Agent in Advanced Solid Tumor Patients and in Combination With Fulvestrant in Patients With Advanced Breast Cancer, First-in-human, Study of MATTISSE® Tissue Engineering Chamber in Adult Female Patients Undergoing Breast Reconstruction After Mastectomy for Cancer, Mangafodipir - an Intracellular Contrast Agent for Magnetic Resonance Imaging (MRI): Measuring Manganese Uptake Rate in Heart Failure Patients With Preserved Ejection Fraction (HFpEF) Patients., NKX019, Intravenous Allogeneic Chimeric Antigen Receptor Natural Killer Cells (CAR NK), in Participants With Immune-Mediated Diseases (Ntrust-2), Novel Approaches to the Treatment of Hypothyroidism, Pediatric Hepatic Tumors, Tamoxifen +/​- GnRH Analogue vs Aromatase Inhibitor + GnRH Analogue in Male Breast Cancer Patients (MALE), Test Study for Feasibility Flow, Testing Study for Feasibility flow, Understanding Male Breast Cancer: Salah Azaïz Cancer Institute Experience, Virtual Ward-Assisted Very earLy dIschArge of Low-rIsk STEMI patieNTs: the VALIANT-STEMI Trial,
MRN-3269675,Stefanie Navarro,26,(3D) Ultrasound Imaging Liver and Kidney, 12A USUK Study to Evaluate Transarterial Radioembolization (TARE) in Combination With Durvalumab and Bevacizumab Therapy in People With Unresectable Hepatocellular Carcinoma Amenable to TARE (EMERALD-Y90), 1A USUK Study to Evaluate Transarterial Radioembolization (TARE) in Combination With Durvalumab and Bevacizumab Therapy in People With Unresectable Hepatocellular Carcinoma Amenable to TARE (EMERALD-Y90), 2-Application of ICG@HSA Complexes in Fluorescence Image-Guided Laparoscopic Anatomical Liver Resection, A Single-arm, Open-label Clinical Study to Evaluate the Efficacy and Safety of VRT106 in Combination with Chemotherapy for Resectable Liver Cancer, A Study Evaluating the Efficacy and Safety of Multiple Immunotherapy-Based Treatment Combinations in Patients With Advanced Liver Cancers (Morpheus-Liver), A USUK Study to Evaluate Transarterial Radioembolization (TARE) in Combination With Durvalumab and Bevacizumab Therapy in People With Unresectable Hepatocellular Carcinoma Amenable to TARE (EMERALD-Y90), ALTUS: Performance of a Multi- Target Hepatocellular Carcinoma (HCC) Test in Subjects With Increased Risk, Application of ICG@HSA Complexes in Fluorescence Image-Guided Laparoscopic Anatomical Liver Resection, Clinical Effectiveness of Microwave Ablation Using Starwave Microwave Generator for Hepatic Malignancies, Clinical Study of 18F-FAPI-RGD in Breast Tumors, Cooking for Your Health in Southern New Mexico -- Cooking for Your Health in Southern New Mexico -- Cooking for Your Health in Southern New Mexico -- Cooking for Your Health in Southern New Mexico, Detecting Cardiac Thrombi in Acute Ischemic Stroke on Cardiac CT Versus Transoesophageal Echocardiography, Durvalumab and Lenvatinib in Participants With Locally Advanced and Metastatic Hepatocellular Carcinoma ( Dulect2020-1 ), Evaluation of the Safety and Effectiveness of Pringle Method Combined With IVC Flow Limiting and Blocking Method in Laparoscopic Hepatectomy Based on Non-restrictive Fluid Therapy Strategy, Feas 1, Feas 2, First-in-Human Study of Mutant-selective PI3Kα Inhibitor, RLY-2608, as a Single Agent in Advanced Solid Tumor Patients and in Combination With Fulvestrant in Patients With Advanced Breast Cancer, First-in-human, Study of MATTISSE® Tissue Engineering Chamber in Adult Female Patients Undergoing Breast Reconstruction After Mastectomy for Cancer, Novel Approaches to the Treatment of Hypothyroidism, Pediatric Hepatic Tumors, RESTORE Declined Livers Study, Study of Tislelizumab in Combination With SOX for the Treatment of Gastric Cancer With Liver Metastases, Study on the Clinical Application Value of PET Imaging Targeting GPC3 in Hepatocellular Carcinoma, Tamoxifen +/​- GnRH Analogue vs Aromatase Inhibitor + GnRH Analogue in Male Breast Cancer Patients (MALE), Test Feasible, Testing Study for Feasibility flow, Versioning Test study, Virtual Interactive 3D Modelling to Improve Outcomes in Robotic-Assisted Partial Nephrectomy, Virtual Ward-Assisted Very earLy dIschArge of Low-rIsk STEMI patieNTs: the VALIANT-STEMI Trial,
